variant,seed,total_timesteps,cumulative_return,mean_reward,std_reward,sharpe_ratio,max_drawdown,win_rate,mean_transaction_cost,mean_market_impact_cost,mean_trade_count,mean_turnover,mean_spread,mean_market_volatility,mean_liquidity,mean_order_imbalance,final_loss
rl_only,42,1000,-0.8476728894782756,-84768.15542257449,201.73161518028246,-6670.488051352889,0.8486792982123553,0.0,94.80551854485844,103.83099205148736,1.0,94805.51854485844,1073.005142027769,0.046962514907835415,0.6371925990497825,0.38399999996160006,330245264.3807253
rl_only,100,1000,0.004786272172996412,478.6072172996881,0.9793574857116495,7750.205039339563,0.00018177775227523965,1.0,20.51194681705428,10.80765293753809,2.0,20511.946817054275,1397.1032423001116,0.04869882719366432,0.6140923381498342,0.3999999999600001,308986085.14277405
rl_only,2026,1000,0.0,0.0,0.0,0.0,0.0,0.0,0.0,0.0,0.0,0.0,1383.638930381147,0.048649823660474024,0.6154171484335682,0.3999999999600001,344357975.9522299
stackelberg_only,42,1000,-0.058453109817433645,-5871.86309899447,5344.185774418356,-17.358546210588745,0.3292716300522616,0.0,95.58626577762672,22.84574862182193,8.0,95586.26577762674,1.6333676937390762,0.06889478090119497,207.62475336795782,0.7319999999337998,19311916.076727033
stackelberg_only,100,1000,0.0,0.0,0.0,0.0,0.0,0.0,0.0,0.0,0.0,0.0,3.4720309235740516,0.07325240956574788,145.74853602894638,0.7599999999248,16113318.317834588
stackelberg_only,2026,1000,0.04012695838990363,3989.1927791956973,12865.446098392911,4.952203989173028,0.32230758037704865,0.6,95.61147332605938,22.851631090532297,8.0,95611.47332605938,1.2071400341828311,0.06127213726253654,375.68427107892467,0.6399999999434,21659966.649425454
opponent_model_only,42,1000,0.0,0.0,0.0,0.0,0.0,0.0,0.0,0.0,0.0,0.0,1297.3774357748432,0.04821788272668246,0.624878573075138,0.3999999999600001,347578584.7611914
opponent_model_only,100,1000,0.0,0.0,0.0,0.0,0.0,0.0,0.0,0.0,0.0,0.0,1387.9302866168205,0.04855507787712708,0.6184349823599742,0.3999999999600001,373788015.90487367
opponent_model_only,2026,1000,-0.13834516683827913,-13851.897634659957,3299.147382215655,-66.58107826522992,0.3064093377536131,0.0,95.78842226448855,67.68037786592576,8.0,95788.42226448853,602.9900705751761,0.04596686485151504,0.6270634768376373,0.3879999999682,321606674.0951857
proposed_full,42,1000,-0.058453109817433645,-5871.86309899447,5344.185774418356,-17.358546210588745,0.3292716300522616,0.0,95.58626577762672,22.84574862182193,8.0,95586.26577762674,1.6333676937390762,0.06889478090119497,207.62475336795782,0.7319999999337998,20212536.320862137
proposed_full,100,1000,0.0,0.0,0.0,0.0,0.0,0.0,0.0,0.0,0.0,0.0,3.4720309235740516,0.07325240956574788,145.74853602894638,0.7599999999248,16370118.819020368
proposed_full,2026,1000,0.04012695838990363,3989.1927791956973,12865.446098392911,4.952203989173028,0.32230758037704865,0.6,95.61147332605938,22.851631090532297,8.0,95611.47332605938,1.2071400341828311,0.06127213726253654,375.68427107892467,0.6399999999434,21606129.357789863
